{"i":1000,"val_loss_history":[2.0804490856781],"val_loss_history_it":[1000],"forward_backward_times":{},"opt":{"max_epochs":50,"checkpoint_every":1000,"batch_size":50,"memory_benchmark":0,"init_from":"","grad_clip":5,"model_type":"lstm","lr_decay_every":5,"print_every":1,"wordvec_size":64,"seq_length":50,"input_json":"data\/fake\/fake-text.json","num_layers":2,"input_h5":"data\/fake\/fake-text.h5","reset_iterations":1,"rnn_size":128,"dropout":0,"checkpoint_name":"cv\/checkpoint","batchnorm":0,"learning_rate":0.002,"speed_benchmark":0,"gpu_backend":"cuda","lr_decay_factor":0.5,"gpu":-1},"train_loss_history":[6.0312328338623,5.9196705818176,5.734121799469,5.4284267425537,5.0686712265015,4.6858701705933,4.3882460594177,4.0551228523254,3.7709200382233,3.6190006732941,3.4661164283752,3.4634890556335,3.3163254261017,3.3175368309021,3.3407254219055,3.4061856269836,3.3914012908936,3.2828605175018,3.3517324924469,3.3362941741943,3.3331949710846,3.2587840557098,3.2859375476837,3.266765832901,3.255115032196,3.2089552879333,3.2337400913239,3.2712030410767,3.279862165451,3.308669090271,3.2331008911133,3.3493402004242,3.3191907405853,3.2559626102448,3.2253925800323,3.2296607494354,3.2544798851013,3.2911241054535,3.3171265125275,3.3569622039795,3.2214887142181,3.2336597442627,3.2040157318115,3.2522301673889,3.2504227161407,3.2360813617706,3.2375240325928,3.2444005012512,3.2606279850006,3.2713568210602,3.2671725749969,3.2515406608582,3.2584915161133,3.2147760391235,3.245445728302,3.2305760383606,3.2301170825958,3.2538764476776,3.2885780334473,3.3253049850464,3.2722864151001,3.2838604450226,3.1745796203613,3.2021498680115,3.1671488285065,3.1621434688568,3.2215297222137,3.1943864822388,3.2491645812988,3.2424437999725,3.2737810611725,3.2806077003479,3.3731637001038,3.2788796424866,3.2980070114136,3.3051073551178,3.2996518611908,3.2646255493164,3.236837387085,3.277923822403,3.2060186862946,3.2420027256012,3.2301721572876,3.1827690601349,3.1643421649933,3.1749155521393,3.2030491828918,3.2358739376068,3.1940062046051,3.2066624164581,3.183164358139,3.2297835350037,3.1921825408936,3.1590046882629,3.1598477363586,3.179301738739,3.1403586864471,3.1370551586151,3.1105508804321,3.1915752887726,3.1361749172211,3.0862672328949,3.1379981040955,3.0915524959564,3.0656514167786,3.154806137085,3.0504455566406,3.0274112224579,3.0579442977905,3.0792028903961,3.073472738266,3.0380730628967,3.1108553409576,3.0992438793182,3.1227791309357,3.1010708808899,3.0451185703278,3.0276803970337,3.0664305686951,3.0594003200531,3.079400062561,3.0353927612305,3.0161237716675,2.9886286258698,2.9474120140076,3.0488016605377,3.0268223285675,3.0459604263306,2.9762885570526,2.9510636329651,2.9849667549133,2.9722015857697,2.9497394561768,3.0074641704559,3.0391554832458,2.9659075737,2.8922383785248,2.9617247581482,2.9608464241028,2.9946477413177,3.0233943462372,3.0022032260895,2.9988596439362,2.9498493671417,3.0093312263489,2.9926571846008,2.9319415092468,2.9610681533813,2.9310665130615,2.9208409786224,2.9071483612061,2.949728012085,2.9178121089935,2.8502032756805,2.8909664154053,2.9236898422241,2.8682215213776,2.8993511199951,2.9285907745361,2.8701255321503,2.8780579566956,2.8007113933563,2.776641368866,2.9104862213135,2.8282778263092,2.821685552597,2.8603694438934,2.8246779441833,2.8322064876556,2.8495774269104,2.824581861496,2.7869317531586,2.8536236286163,2.8158192634583,2.789139509201,2.8280124664307,2.7592611312866,2.773983001709,2.8194391727448,2.793562412262,2.7628149986267,2.7906930446625,2.7871520519257,2.7727813720703,2.8337261676788,2.8045659065247,2.7425003051758,2.7629199028015,2.7570276260376,2.7691349983215,2.7735826969147,2.7490041255951,2.808153629303,2.7314991950989,2.6945762634277,2.7151019573212,2.7318806648254,2.8606162071228,2.7468528747559,2.7711236476898,2.69491314888,2.7907242774963,2.8396334648132,2.7462103366852,2.7297933101654,2.7183239459991,2.824985742569,2.6953818798065,2.7050440311432,2.7086086273193,2.7364618778229,2.7099204063416,2.7074131965637,2.6950180530548,2.7158122062683,2.7062170505524,2.7088599205017,2.7280693054199,2.7482807636261,2.7100687026978,2.6407022476196,2.6911399364471,2.7415442466736,2.682665348053,2.5870971679688,2.6387395858765,2.6239974498749,2.647885799408,2.6385989189148,2.6446740627289,2.6664936542511,2.7038333415985,2.6942744255066,2.6860775947571,2.6702153682709,2.5776448249817,2.5959782600403,2.5980758666992,2.6217799186707,2.5400342941284,2.6602065563202,2.6434125900269,2.6515471935272,2.555495262146,2.5682547092438,2.5801265239716,2.6065990924835,2.58473944664,2.5503420829773,2.5302796363831,2.5853481292725,2.4989764690399,2.4613869190216,2.5345041751862,2.5020921230316,2.5345871448517,2.5466558933258,2.5237622261047,2.6390428543091,2.6084830760956,2.4980065822601,2.5774817466736,2.5919923782349,2.6551876068115,2.5433173179626,2.5441248416901,2.4946455955505,2.5890071392059,2.4999017715454,2.4968814849854,2.6179130077362,2.5744111537933,2.5950512886047,2.6272871494293,2.6554017066956,2.6420831680298,2.5547204017639,2.491473197937,2.506584405899,2.5388085842133,2.5869686603546,2.5490243434906,2.5349342823029,2.5675678253174,2.5323507785797,2.5327475070953,2.4965977668762,2.5607979297638,2.5764453411102,2.4490187168121,2.4266741275787,2.4508912563324,2.4619038105011,2.4067320823669,2.4379467964172,2.3856275081635,2.4321660995483,2.4568836688995,2.5201783180237,2.5198655128479,2.5029389858246,2.5376586914062,2.4945049285889,2.5207035541534,2.5251512527466,2.4653787612915,2.4487526416779,2.4917962551117,2.4795229434967,2.5286455154419,2.5273518562317,2.4652588367462,2.4559645652771,2.443895816803,2.4103684425354,2.4862444400787,2.4450590610504,2.3660488128662,2.3789565563202,2.3899154663086,2.4082670211792,2.503609418869,2.5491626262665,2.5490036010742,2.5063362121582,2.5002238750458,2.4350192546844,2.3987693786621,2.4033334255219,2.4072663784027,2.3489816188812,2.3864381313324,2.3768227100372,2.3301022052765,2.3528394699097,2.3293299674988,2.3436779975891,2.3809061050415,2.3963334560394,2.4047205448151,2.3842711448669,2.3403344154358,2.3605585098267,2.3577139377594,2.3827924728394,2.3693149089813,2.3839707374573,2.3176701068878,2.3603165149689,2.3899509906769,2.3941504955292,2.372332572937,2.3119654655457,2.3329033851624,2.3390638828278,2.4158098697662,2.3588244915009,2.4114077091217,2.3158421516418,2.3209619522095,2.3849182128906,2.4282855987549,2.3497970104218,2.3673348426819,2.3789339065552,2.3151741027832,2.293271780014,2.3224747180939,2.3214311599731,2.3206598758698,2.3702077865601,2.3234479427338,2.3165440559387,2.3293216228485,2.3638124465942,2.3780286312103,2.3257608413696,2.3541719913483,2.4059538841248,2.3666112422943,2.3270609378815,2.351931810379,2.296902179718,2.313779592514,2.3295753002167,2.3490383625031,2.3568823337555,2.3484587669373,2.3543655872345,2.3487980365753,2.3478300571442,2.3252828121185,2.3761653900146,2.3699102401733,2.3615560531616,2.2967183589935,2.3219537734985,2.4018640518188,2.2915132045746,2.3075788021088,2.3514385223389,2.3493776321411,2.4654953479767,2.3277809619904,2.3388125896454,2.3460464477539,2.3237121105194,2.3116106987,2.3388514518738,2.2601561546326,2.3502359390259,2.2714967727661,2.2979547977448,2.283447265625,2.3561456203461,2.3634252548218,2.3812198638916,2.3783988952637,2.3422784805298,2.3769149780273,2.3154475688934,2.3276653289795,2.2980959415436,2.3419427871704,2.3041970729828,2.3129177093506,2.3482658863068,2.3331451416016,2.3208122253418,2.3556215763092,2.3365838527679,2.2659089565277,2.2714767456055,2.3437900543213,2.3086247444153,2.3353586196899,2.3310930728912,2.3845047950745,2.3224236965179,2.3427968025208,2.2972414493561,2.3329079151154,2.2892055511475,2.3061773777008,2.3133387565613,2.2627716064453,2.2809329032898,2.2705862522125,2.3093931674957,2.3711822032928,2.2459578514099,2.2500357627869,2.3191840648651,2.3215379714966,2.2493178844452,2.2925815582275,2.2579414844513,2.2858057022095,2.2752995491028,2.3508296012878,2.3355014324188,2.2969925403595,2.3737132549286,2.3331351280212,