{"i":1000,"val_loss_history":[2.2054036945105],"val_loss_history_it":[1000],"forward_backward_times":{},"opt":{"max_epochs":50,"checkpoint_every":1000,"batch_size":50,"memory_benchmark":0,"init_from":"","grad_clip":5,"model_type":"lstm","lr_decay_every":5,"print_every":1,"wordvec_size":64,"seq_length":50,"input_json":"data\/html\/html.json","num_layers":2,"input_h5":"data\/html\/html.h5","reset_iterations":1,"rnn_size":128,"dropout":0,"checkpoint_name":"cv\/checkpoint","batchnorm":0,"learning_rate":0.002,"speed_benchmark":0,"gpu_backend":"cuda","lr_decay_factor":0.5,"gpu":-1},"train_loss_history":[5.9159274101257,5.8327302932739,5.7164034843445,5.4793381690979,5.2501931190491,4.938600063324,4.7037053108215,4.4618163108826,4.2942671775818,4.151219367981,4.065532207489,4.0043201446533,3.9962110519409,3.9799754619598,3.9673156738281,3.9818520545959,4.056013584137,4.0226955413818,4.0160374641418,4.0325727462769,3.8832867145538,3.9244637489319,3.9433538913727,3.9668378829956,3.96360039711,3.9443855285645,3.8947167396545,3.8972465991974,3.9041149616241,3.9144406318665,3.923143863678,3.9128649234772,3.8537063598633,3.8567397594452,3.8340175151825,3.9076862335205,3.8708746433258,3.8056082725525,3.8426866531372,3.7978780269623,3.7812292575836,3.7117671966553,3.8689801692963,3.8569703102112,3.8002390861511,3.8375015258789,3.8364961147308,3.7799003124237,3.77907538414,3.8214192390442,3.84494972229,3.8996696472168,3.8477921485901,3.8111698627472,3.8579096794128,3.7557001113892,3.7313284873962,3.7709448337555,3.8669567108154,3.7927570343018,3.8342258930206,3.7947659492493,3.8216245174408,3.7597937583923,3.8176629543304,3.8335664272308,3.7464163303375,3.7653460502625,3.8137784004211,3.8260488510132,3.8179137706757,3.8040916919708,3.7699184417725,3.7652831077576,3.8104972839355,3.8530628681183,3.8683860301971,3.779935836792,3.7456617355347,3.8579761981964,3.8676769733429,3.7185719013214,3.7447094917297,3.8658995628357,3.7644231319427,3.7627210617065,3.731529712677,3.7764890193939,3.7822124958038,3.810293674469,3.726922750473,3.7760338783264,3.6664893627167,3.691091299057,3.7579925060272,3.8315024375916,3.7526776790619,3.6880769729614,3.7506160736084,3.7202410697937,3.6825363636017,3.7413792610168,3.6193046569824,3.6699957847595,3.7468457221985,3.6438300609589,3.6756327152252,3.607889175415,3.6739394664764,3.6546766757965,3.6013674736023,3.6399488449097,3.6307094097137,3.6251585483551,3.6285367012024,3.5741436481476,3.6299684047699,3.6232578754425,3.5774471759796,3.6940360069275,3.6178500652313,3.5817980766296,3.6218030452728,3.6609842777252,3.618558883667,3.6444926261902,3.6644725799561,3.5687661170959,3.5222136974335,3.5047183036804,3.6224718093872,3.6540937423706,3.5919172763824,3.5617179870605,3.4726221561432,3.5285680294037,3.5849170684814,3.6838324069977,3.6272909641266,3.6149680614471,3.6060450077057,3.688157081604,3.5263941287994,3.530179977417,3.5534920692444,3.5295221805573,3.4651620388031,3.4649977684021,3.5829718112946,3.4640319347382,3.480131149292,3.4810664653778,3.5807690620422,3.5796284675598,3.5289852619171,3.3818807601929,3.4576902389526,3.5009415149689,3.5385074615479,3.44513630867,3.4443483352661,3.419828414917,3.4017457962036,3.3623640537262,3.3572926521301,3.3870131969452,3.3293163776398,3.3642518520355,3.4305465221405,3.3418257236481,3.4125773906708,3.3944132328033,3.3824143409729,3.3156440258026,3.3057496547699,3.2908239364624,3.3498246669769,3.3300764560699,3.3471593856812,3.3797559738159,3.4287667274475,3.3437690734863,3.273594379425,3.2835991382599,3.2328426837921,3.2146136760712,3.251823425293,3.2305409908295,3.1800720691681,3.1822354793549,3.2374677658081,3.2916386127472,3.2765641212463,3.2458760738373,3.1848838329315,3.2320973873138,3.1916415691376,3.1526489257812,3.2038815021515,3.2355351448059,3.2290279865265,3.1971702575684,3.1181335449219,3.1552448272705,3.1535141468048,3.044269323349,3.1486842632294,3.1152458190918,3.1300551891327,3.0501699447632,3.1117124557495,3.009473323822,3.0384433269501,3.07497215271,3.027529001236,3.1861882209778,3.1096878051758,3.0551707744598,3.017320394516,3.0341401100159,2.9863121509552,3.0556888580322,2.9781332015991,2.9250137805939,3.008490562439,3.0733578205109,3.0851454734802,3.013799905777,3.0057766437531,2.9977698326111,2.9431719779968,2.8902182579041,2.979966878891,3.0442633628845,3.0100982189178,2.973738193512,2.9474184513092,2.799124956131,2.870894908905,2.9364573955536,2.9221844673157,2.9261479377747,2.9643728733063,2.9872577190399,3.0093431472778,2.9375166893005,3.0023469924927,2.9607782363892,3.0691969394684,2.8941426277161,2.9590830802917,2.8856542110443,2.8714590072632,2.9180145263672,2.9364171028137,2.9219565391541,2.9337215423584,2.9210860729218,2.9421854019165,2.7401311397552,2.8579072952271,2.6840982437134,2.8907759189606,2.7973835468292,2.7698504924774,2.8429090976715,2.8181338310242,2.8567173480988,2.9671142101288,2.7830607891083,2.8604130744934,2.9545729160309,2.9251933097839,3.0291798114777,2.890168428421,2.9039449691772,2.9168372154236,2.8453314304352,2.8837013244629,2.9336409568787,2.8827641010284,2.8506059646606,2.7807860374451,2.8128311634064,2.8234190940857,2.900648355484,2.900780916214,2.8413786888123,2.869464635849,2.8250067234039,2.7935922145844,2.8528370857239,2.8171403408051,2.7870304584503,2.764787197113,2.9149312973022,2.8123922348022,2.7512767314911,2.7941651344299,2.8225357532501,2.6822218894958,2.7063636779785,2.7356884479523,2.5989942550659,2.729606628418,2.7257611751556,2.6895790100098,2.6608467102051,2.7379338741302,2.6152429580688,2.6190190315247,2.6843163967133,2.7923753261566,2.7755305767059,2.7611207962036,2.9357633590698,2.7774367332458,2.6460824012756,2.7198398113251,2.7219438552856,2.6954872608185,2.7296552658081,2.69997215271,2.6798679828644,2.6970300674438,2.7338624000549,2.6395018100739,2.4889166355133,2.6048851013184,2.5921790599823,2.5715153217316,2.6036033630371,2.5376350879669,2.4509937763214,2.6469051837921,2.6378421783447,2.5806257724762,2.5268704891205,2.5689740180969,2.5985774993896,2.5093054771423,2.5907628536224,2.4800977706909,2.5691268444061,2.6249938011169,2.5393099784851,2.5725660324097,2.6021461486816,2.6350173950195,2.6956279277802,2.5709450244904,2.596529006958,2.6291959285736,2.514741897583,2.5444920063019,2.542947769165,2.6307742595673,2.6282694339752,2.4975156784058,2.5855481624603,2.6377022266388,2.6716961860657,2.6540040969849,2.5242533683777,2.5659363269806,2.5328998565674,2.4851167201996,2.479080915451,2.5323543548584,2.490494966507,2.5284624099731,2.5541393756866,2.5232291221619,2.4829332828522,2.4256386756897,2.4868314266205,2.4974248409271,2.5341370105743,2.3947274684906,2.3968920707703,2.4251627922058,2.5596241950989,2.532163143158,2.5408680438995,2.523277759552,2.4110295772552,2.4206421375275,2.4553122520447,2.5409870147705,2.5025103092194,2.5202505588531,2.5015251636505,2.4955167770386,2.4469690322876,2.5317814350128,2.4832649230957,2.5936627388,2.4563310146332,2.5099065303802,2.4592297077179,2.5068898200989,2.3853187561035,2.4837644100189,2.5280573368073,2.3965861797333,2.3754217624664,2.4020094871521,2.4466774463654,2.4349520206451,2.5110456943512,2.4847223758698,2.4429731369019,2.4733905792236,2.5850853919983,2.4698820114136,2.5714817047119,2.5961365699768,2.6176223754883,2.5295004844666,2.4998018741608,2.5522286891937,2.5117881298065,2.4555461406708,2.5202617645264,2.6349725723267,2.7246136665344,2.613715171814,2.7149262428284,2.5708048343658,2.5776424407959,2.5193202495575,2.3893663883209,2.4740633964539,2.5322949886322,2.5066204071045,2.4165444374084,2.4035081863403,2.5683636665344,2.4560317993164,2.5014584064484,2.462171792984,2.3551042079926,2.3612892627716,2.363477230072,2.3594996929169,2.375479221344,2.3487298488617,2.5099141597748,2.2904937267303,2.4560508728027,2.4069483280182,2.3911437988281,2.329488992691,2.2931754589081,2.4042811393738,2.4340641498566,2.3321995735168,2.2584052085876,2.3662385940552,2.3228354454041,2.3083193302155,2.4078676700592,2.2968215942383,2.4108498096466,2.4399087429047,2.5425605773926,