{"i":1000,"val_loss_history":[1.5869838600672],"val_loss_history_it":[1000],"forward_backward_times":{},"opt":{"max_epochs":50,"checkpoint_every":1000,"batch_size":50,"memory_benchmark":0,"init_from":"","grad_clip":5,"model_type":"lstm","lr_decay_every":5,"print_every":1,"wordvec_size":64,"seq_length":50,"input_json":"data\/words\/words.json","num_layers":2,"input_h5":"data\/words\/words.h5","reset_iterations":1,"rnn_size":128,"dropout":0,"checkpoint_name":"cv\/checkpoint","batchnorm":0,"learning_rate":0.002,"speed_benchmark":0,"gpu_backend":"cuda","lr_decay_factor":0.5,"gpu":-1},"train_loss_history":[4.9856262207031,4.9121055603027,4.7961630821228,4.6239213943481,4.4219207763672,4.2504463195801,4.087381362915,3.9969878196716,3.8316786289215,3.7646424770355,3.747237443924,3.7921364307404,3.7155749797821,3.6343221664429,3.610342502594,3.6921772956848,3.5609266757965,3.5243937969208,3.611870765686,3.5910303592682,3.5821223258972,3.5989031791687,3.5312569141388,3.4847710132599,3.5500254631042,3.4905178546906,3.4237656593323,3.4285609722137,3.4354507923126,3.4032909870148,3.3999574184418,3.4616208076477,3.3842589855194,3.3952403068542,3.4815700054169,3.3766996860504,3.3471956253052,3.3172867298126,3.2919640541077,3.2561817169189,3.3055055141449,3.2856066226959,3.2415182590485,3.2006733417511,3.2337250709534,3.1717324256897,3.2337284088135,3.2560262680054,3.1811394691467,3.1301391124725,3.1559777259827,3.1414227485657,3.081485748291,3.0987050533295,3.072615146637,3.0440754890442,2.9942574501038,3.0778701305389,3.1064772605896,2.9989957809448,3.0134110450745,2.9767169952393,2.975349187851,2.9815576076508,2.8904635906219,2.9153430461884,2.9877331256866,2.890439748764,2.8461465835571,2.780909538269,2.8802161216736,2.7600557804108,2.8192987442017,2.7976999282837,2.8515086174011,2.720153093338,2.7093389034271,2.6873078346252,2.7093362808228,2.6575767993927,2.7035849094391,2.8056042194366,2.6474273204803,2.618967294693,2.6385674476624,2.6324436664581,2.6303155422211,2.5845260620117,2.5905754566193,2.5587174892426,2.6224629878998,2.4799787998199,2.4648885726929,2.5458006858826,2.4631290435791,2.4930274486542,2.5354435443878,2.5537369251251,2.5020928382874,2.521607875824,2.3471870422363,2.632007598877,2.4473667144775,2.4219715595245,2.4017803668976,2.4419136047363,2.3365483283997,2.3309428691864,2.2910704612732,2.3289475440979,2.3532588481903,2.2449140548706,2.3671128749847,2.4339537620544,2.3741979598999,2.1449422836304,2.2872710227966,2.1963007450104,2.29567527771,2.2313270568848,2.2989540100098,2.3873434066772,2.1585991382599,2.2994050979614,2.1070549488068,2.3321254253387,2.2406795024872,2.3348944187164,2.0945038795471,2.1882059574127,2.2077653408051,2.1495845317841,2.2082159519196,2.1781475543976,2.1450567245483,2.2540149688721,2.202748298645,2.0501489639282,2.1221485137939,2.0900902748108,2.1526780128479,2.1146123409271,2.0850937366486,2.0818526744843,2.0311326980591,2.0547218322754,2.0267901420593,2.0756404399872,2.1482312679291,2.0367178916931,2.1197075843811,2.1200015544891,2.0963606834412,2.0928921699524,2.0405166149139,2.0478749275208,2.0066604614258,2.0709443092346,2.1541132926941,2.0446500778198,2.0144836902618,2.0016224384308,2.0194778442383,2.0774939060211,1.9406644105911,1.9393246173859,2.0427942276001,2.0010068416595,1.976376414299,1.977520108223,1.9447373151779,1.9962183237076,2.0336761474609,2.119669675827,1.8624001741409,1.9493269920349,2.0492050647736,2.0528974533081,1.8929023742676,1.8890056610107,1.9471671581268,1.9669660329819,2.0121169090271,2.0452184677124,1.9156851768494,1.987068772316,1.9187986850739,1.947548866272,1.8926941156387,1.9532030820847,1.8716254234314,1.8767251968384,2.0740916728973,1.8843097686768,2.0710923671722,1.8066611289978,1.9340456724167,2.0133740901947,1.8688648939133,1.7880691289902,1.8342660665512,1.8163861036301,1.8248646259308,1.7586810588837,1.8881368637085,1.8288917541504,1.9853885173798,1.9052348136902,1.9356356859207,1.9375311136246,1.962967634201,2.0968425273895,1.9757914543152,1.8950344324112,1.9169038534164,1.8409818410873,1.9360679388046,1.8759622573853,1.7964965105057,1.7933906316757,1.8310105800629,1.7859894037247,1.9008162021637,1.840157866478,1.9101837873459,1.9341943264008,1.9365556240082,1.9885394573212,1.9758509397507,1.9013923406601,2.0008938312531,1.8891999721527,1.753768324852,1.8001960515976,1.8254477977753,1.7989131212234,1.8124583959579,1.8122075796127,1.8713252544403,1.7627441883087,1.8223906755447,1.8103176355362,1.8087751865387,1.8772710561752,1.9095013141632,1.8408200740814,1.9233667850494,1.8186331987381,1.8440388441086,1.8673319816589,1.808700799942,1.7995617389679,2.0062992572784,1.8369981050491,1.8647956848145,1.8753681182861,1.7276818752289,1.8839750289917,1.8698531389236,1.8307698965073,1.8800767660141,1.7479943037033,1.8044317960739,1.6472105979919,1.6702039241791,1.8354017734528,1.8167599439621,1.8915823698044,1.8368204832077,1.8659670352936,1.8723291158676,1.9700976610184,1.8449386358261,1.687171459198,1.7324343919754,1.8018795251846,1.7851853370667,1.7443177700043,1.649985909462,1.8395810127258,1.7635978460312,1.7768151760101,1.7657269239426,1.8916320800781,1.8765877485275,1.8000490665436,1.7647744417191,1.7352665662766,1.9245611429214,1.79434633255,1.7711832523346,1.8333094120026,1.8520148992538,1.7853288650513,1.8133536577225,1.8032470941544,1.7912927865982,1.777006983757,1.8278151750565,1.7928286790848,1.701843380928,1.9003511667252,1.6724483966827,1.7542365789413,1.8507083654404,1.7117954492569,1.7009595632553,1.7132070064545,1.6474174261093,1.723853468895,1.6969697475433,1.734367609024,1.8605645895004,1.8796594142914,1.7564311027527,1.7116129398346,1.7802666425705,1.8147817850113,1.9137970209122,1.7771809101105,1.6765166521072,1.7298384904861,1.8086335659027,1.7822853326797,1.7193927764893,1.7441470623016,1.6812232732773,1.730079293251,1.652321100235,1.7821441888809,1.7107774019241,1.7222353219986,1.6703218221664,1.6749558448792,1.7126523256302,1.7162806987762,1.6685882806778,1.7377119064331,1.7545086145401,1.7782202959061,1.6468665599823,1.6532590389252,1.8112734556198,1.6448527574539,1.8286916017532,1.6312034130096,1.7712280750275,1.6260498762131,1.7035546302795,1.6887531280518,1.6978445053101,1.7728027105331,1.7186189889908,1.8232419490814,1.7904353141785,1.808330655098,1.711577296257,1.6743015050888,1.716633439064,1.7806638479233,1.6850011348724,1.8058755397797,1.744647860527,1.7123857736588,1.7693722248077,1.7365576028824,1.8170552253723,1.705629825592,1.7275441884995,1.7714087963104,1.7705837488174,1.8575886487961,1.7215933799744,1.722621679306,1.627866268158,1.7549599409103,1.6474896669388,1.6462240219116,1.8204070329666,1.78762114048,1.632794380188,1.6767326593399,1.7811539173126,1.6794687509537,1.7234878540039,1.6108137369156,1.6946185827255,1.7511674165726,1.6497037410736,1.7187120914459,1.5992026329041,1.6051868200302,1.6951406002045,1.7290544509888,1.6510120630264,1.7744051218033,1.7149593830109,1.7371447086334,1.8379875421524,1.780036687851,1.7987521886826,1.6671124696732,1.7352101802826,1.6607449054718,1.6399136781693,1.7071628570557,1.6597166061401,1.6204285621643,1.6005684137344,1.7154648303986,1.7475332021713,1.645644903183,1.6574890613556,1.7364480495453,1.7028851509094,1.6964613199234,1.8042742013931,1.6419509649277,1.7516050338745,1.7375851869583,1.6611453294754,1.6481882333755,1.7567710876465,1.7139317989349,1.5598624944687,1.678417801857,1.662011384964,1.7323561906815,1.6327100992203,1.7521818876266,1.7703233957291,1.722987651825,1.5855326652527,1.7572294473648,1.6684218645096,1.6442005634308,1.6105651855469,1.6694263219833,1.6389521360397,1.798614859581,1.6673394441605,1.733288526535,1.7660936117172,1.6016466617584,1.7261068820953,1.6557902097702,1.716522693634,1.6891407966614,1.7145631313324,1.6373581886292,1.6103360652924,1.6652902364731,1.5848340988159,1.6270759105682,1.5897017717361,1.6697732210159,1.5881094932556,1.6332362890244,1.6374716758728,1.6532052755356,1.7181831598282,1.5940080881119,1.5624402761459,1.8134144544601,1.7285599708557,