{"i":1000,"val_loss_history":[1.7167165956714],"val_loss_history_it":[1000],"forward_backward_times":{},"opt":{"max_epochs":50,"checkpoint_every":1000,"batch_size":50,"memory_benchmark":0,"init_from":"","grad_clip":5,"model_type":"lstm","lr_decay_every":5,"print_every":1,"wordvec_size":64,"seq_length":50,"input_json":"data\/tiny-shakespeare.json","num_layers":2,"input_h5":"data\/tiny-shakespeare.h5","reset_iterations":1,"rnn_size":128,"dropout":0,"checkpoint_name":"cv\/checkpoint","batchnorm":0,"learning_rate":0.002,"speed_benchmark":0,"gpu_backend":"cuda","lr_decay_factor":0.5,"gpu":-1},"train_loss_history":[4.1709580421448,4.0861968994141,3.9467921257019,3.7808539867401,3.6262183189392,3.5160112380981,3.4117922782898,3.4183959960938,3.3605527877808,3.3969848155975,3.3954832553864,3.3195340633392,3.3983476161957,3.306182384491,3.3163139820099,3.3072738647461,3.2705137729645,3.2825961112976,3.2440090179443,3.2697384357452,3.2614963054657,3.3028249740601,3.2755284309387,3.260347366333,3.2831094264984,3.2217719554901,3.2521166801453,3.2217659950256,3.1669983863831,3.2177574634552,3.1540548801422,3.172429561615,3.0930495262146,3.1263961791992,3.0930407047272,3.1438388824463,3.0980584621429,3.1012032032013,3.0532755851746,3.0152246952057,2.9835894107819,2.9730198383331,3.0009822845459,2.9589242935181,2.985561132431,2.9442520141602,2.9215505123138,2.9110894203186,2.9140377044678,2.8716497421265,2.8210802078247,2.8256390094757,2.8344383239746,2.8130719661713,2.7113919258118,2.7553551197052,2.7333786487579,2.7528903484344,2.7356300354004,2.7048807144165,2.7135052680969,2.6674256324768,2.6518852710724,2.6795949935913,2.6266493797302,2.6396644115448,2.6401662826538,2.6409151554108,2.6147294044495,2.6470532417297,2.6306500434875,2.552873134613,2.5457713603973,2.5712053775787,2.5434794425964,2.5154576301575,2.5572862625122,2.4878702163696,2.5740139484406,2.5194706916809,2.5279207229614,2.5097274780273,2.4943170547485,2.5047051906586,2.5238056182861,2.5228936672211,2.452507019043,2.5198397636414,2.4497852325439,2.4560730457306,2.4409790039062,2.4577078819275,2.4126706123352,2.4235169887543,2.4516429901123,2.4535839557648,2.4652948379517,2.3446533679962,2.4078805446625,2.4225060939789,2.4119534492493,2.3876769542694,2.3503360748291,2.3929836750031,2.3493494987488,2.398396730423,2.4093985557556,2.3108823299408,2.3143045902252,2.3463659286499,2.3529946804047,2.4161174297333,2.401109457016,2.3276603221893,2.3778986930847,2.3302309513092,2.4029989242554,2.3168439865112,2.3249979019165,2.3111383914948,2.3012182712555,2.2997441291809,2.3154773712158,2.3230166435242,2.3355176448822,2.3018221855164,2.3068137168884,2.3072030544281,2.273743391037,2.2688612937927,2.272961139679,2.2833042144775,2.3029229640961,2.2678308486938,2.2554111480713,2.3028204441071,2.2948198318481,2.2701354026794,2.2640976905823,2.2460331916809,2.2903032302856,2.2667262554169,2.3383343219757,2.2795808315277,2.2074859142303,2.270045042038,2.2134528160095,2.2605178356171,2.2575116157532,2.2536151409149,2.2358567714691,2.2509305477142,2.23264503479,2.243545293808,2.2274239063263,2.2374386787415,2.2098965644836,2.2164952754974,2.2475669384003,2.2371022701263,2.2288730144501,2.2441492080688,2.2136106491089,2.2251601219177,2.1613540649414,2.2039587497711,2.1762456893921,2.1942276954651,2.1905462741852,2.1697754859924,2.1937835216522,2.1668465137482,2.2168045043945,2.1928060054779,2.2233135700226,2.2156653404236,2.1752743721008,2.166271686554,2.2066187858582,2.1632809638977,2.1720926761627,2.1875772476196,2.1477909088135,2.1684801578522,2.118705034256,2.1245348453522,2.138644695282,2.1674015522003,2.1434102058411,2.1713235378265,2.1756198406219,2.1611518859863,2.1788907051086,2.1083805561066,2.1325061321259,2.1268928050995,2.1380867958069,2.1250712871552,2.0709180831909,2.1307797431946,2.0892753601074,2.092191696167,2.0793080329895,2.1937055587769,2.0907213687897,2.1520216464996,2.1696758270264,2.07688164711,2.1084566116333,2.1400175094604,2.1222448348999,2.0680844783783,2.0740461349487,2.0750958919525,2.1203117370605,2.1408660411835,2.0892999172211,2.0848739147186,2.1454997062683,2.1682603359222,2.1233334541321,2.0320920944214,2.0839676856995,2.0614407062531,2.07945561409,2.0809350013733,2.152599811554,2.0934598445892,2.0673680305481,2.0802283287048,2.0589463710785,2.0814733505249,2.0323967933655,2.0648438930511,2.0715043544769,2.0544769763947,2.0637502670288,2.0558190345764,2.0287103652954,2.064439535141,2.0375800132751,2.029510974884,2.0595870018005,2.0145528316498,2.1069610118866,2.045957326889,2.0664196014404,2.0361795425415,2.0721898078918,2.0639228820801,2.1188366413116,2.0820183753967,2.0679569244385,2.0443985462189,2.0658900737762,2.0520970821381,2.0430538654327,2.0533840656281,2.0395362377167,2.0298128128052,2.0281209945679,2.0627436637878,2.0698065757751,1.9803231954575,2.0534870624542,2.0173499584198,2.0012128353119,2.0256390571594,2.0172967910767,2.0401208400726,2.0169038772583,2.0261569023132,2.053070306778,2.0305597782135,2.0483684539795,2.0336863994598,2.0152711868286,2.0144526958466,2.0045027732849,1.9978693723679,2.0003321170807,2.003292798996,1.9788724184036,2.0246548652649,1.993594288826,2.0219264030457,1.9997142553329,1.9904570579529,2.0052852630615,2.0064468383789,1.9985642433167,1.9702734947205,1.9470367431641,1.9867054224014,2.0108511447906,1.9521000385284,1.9817494153976,1.9444161653519,2.0562994480133,1.973761677742,2.0231075286865,1.9997329711914,1.9626581668854,1.9564673900604,2.0325701236725,2.0164103507996,2.0066108703613,2.0178890228271,1.9798822402954,1.9845722913742,1.9783269166946,1.9574517011642,1.9598789215088,1.935389995575,1.9283529520035,1.9564294815063,1.9928900003433,1.9686465263367,1.9699437618256,1.9931291341782,1.9664480686188,1.9940650463104,1.9765810966492,1.9220805168152,1.9765757322311,1.9847203493118,1.972240447998,1.9462352991104,1.9301754236221,1.945903301239,1.9906964302063,1.9526175260544,2.0100584030151,1.9791578054428,1.9451411962509,1.9666013717651,1.9442836046219,1.9907431602478,1.9095321893692,1.9445647001266,1.9715667963028,1.9204726219177,1.907564997673,2.0042707920074,1.9167312383652,2.0132238864899,1.9288369417191,1.9383718967438,1.9422962665558,1.9265415668488,1.9290111064911,1.9143543243408,1.9175795316696,1.9647789001465,1.9263052940369,2.002473115921,2.0065851211548,1.887233376503,1.9302150011063,1.8976527452469,1.9582232236862,1.9016321897507,1.9434025287628,1.9065841436386,1.9113101959229,1.9137275218964,1.8868092298508,1.8820317983627,1.8954062461853,1.8952550888062,1.9600071907043,1.965160369873,1.9058425426483,1.9026226997375,1.8913013935089,1.912002325058,1.8837952613831,1.8937369585037,1.8709214925766,1.8478119373322,1.9251803159714,1.8576806783676,1.8708398342133,1.8477349281311,1.8552815914154,1.8800857067108,1.904590845108,1.9171031713486,1.8789896965027,1.9039548635483,1.8503338098526,1.9048873186111,1.9303315877914,1.9120570421219,1.8642523288727,1.8738095760345,1.8697035312653,1.8140033483505,1.8436444997787,1.8484904766083,1.8516086339951,1.9119511842728,1.8980218172073,1.9008629322052,1.8605308532715,1.8737783432007,1.8348009586334,1.8873612880707,1.8629031181335,1.8553150892258,1.84627866745,1.8419942855835,1.8645074367523,1.8533440828323,1.8554134368896,1.9374635219574,1.8958181142807,1.833499789238,1.8726825714111,1.9055589437485,1.837077498436,1.8649290800095,1.8580567836761,1.8680844306946,1.9031777381897,1.8997986316681,1.9354960918427,1.9111273288727,1.8681719303131,1.8523898124695,1.8883280754089,1.8792316913605,1.8619507551193,1.8081583976746,1.8597301244736,1.8739252090454,1.8804417848587,1.8857970237732,1.9200001955032,1.8516288995743,1.8742159605026,1.8840546607971,1.8134542703629,1.8497393131256,1.8301787376404,1.8343631029129,1.8368740081787,1.8475629091263,1.8451781272888,1.8210265636444,1.8385134935379,1.8519179821014,1.8469693660736,1.7752312421799,1.8208065032959,1.8649224042892,1.8332706689835,1.805526971817,1.7716550827026,1.7766728401184,1.8293597698212,1.8462740182877,1.8242361545563,1.7612804174423,