{"i":1000,"val_loss_history":[1.1264315605164],"val_loss_history_it":[1000],"forward_backward_times":{},"opt":{"max_epochs":50,"checkpoint_every":1000,"batch_size":50,"memory_benchmark":0,"init_from":"","grad_clip":5,"model_type":"lstm","lr_decay_every":5,"print_every":1,"wordvec_size":64,"seq_length":50,"input_json":"data\/html\/html.json","num_layers":2,"input_h5":"data\/html\/html.h5","reset_iterations":1,"rnn_size":128,"dropout":0,"checkpoint_name":"cv\/checkpoint","batchnorm":0,"learning_rate":0.002,"speed_benchmark":0,"gpu_backend":"cuda","lr_decay_factor":0.5,"gpu":-1},"train_loss_history":[4.5277309417725,4.4702959060669,4.3849782943726,4.2603998184204,4.1145644187927,3.9523296356201,3.8532280921936,3.787339925766,3.6802136898041,3.7183878421783,3.6220426559448,3.6665444374084,3.6784815788269,3.6720352172852,3.6755352020264,3.6599171161652,3.6567215919495,3.6437578201294,3.6435081958771,3.6071887016296,3.6502077579498,3.5607070922852,3.6561326980591,3.5800640583038,3.6162838935852,3.5239434242249,3.5019710063934,3.5191180706024,3.5087089538574,3.4524312019348,3.4550836086273,3.4093141555786,3.4087574481964,3.3958637714386,3.4278059005737,3.4337129592896,3.4313278198242,3.3768355846405,3.3959429264069,3.4475269317627,3.4025559425354,3.3907499313354,3.3800449371338,3.2896375656128,3.3365755081177,3.3111863136292,3.2620899677277,3.2863855361938,3.3032069206238,3.209764957428,3.2660222053528,3.1515128612518,3.2080094814301,3.185750246048,3.1817860603333,3.1969399452209,3.166398525238,3.1300821304321,3.1171231269836,3.1025905609131,3.0886478424072,3.1494331359863,2.9722030162811,3.0814213752747,3.0581276416779,3.0171191692352,2.9996886253357,2.9947526454926,2.9646756649017,2.9753184318542,2.8600792884827,2.8556497097015,2.7770211696625,2.7881054878235,2.7167925834656,2.7553565502167,2.7740390300751,2.7885656356812,2.7383589744568,2.7658376693726,2.8191020488739,2.7711806297302,2.8224470615387,2.7956466674805,2.6318595409393,2.6881773471832,2.5739305019379,2.5429923534393,2.5818700790405,2.6561341285706,2.5335817337036,2.5781733989716,2.4433200359344,2.518846988678,2.4920971393585,2.4968886375427,2.5257966518402,2.5189287662506,2.4410264492035,2.4056649208069,2.3898491859436,2.4012358188629,2.5045523643494,2.2584633827209,2.3817317485809,2.4116246700287,2.3219854831696,2.3586301803589,2.3735976219177,2.3243985176086,2.3611924648285,2.1989493370056,2.1849889755249,2.0908002853394,2.1043677330017,2.0219342708588,2.070200920105,2.1050007343292,2.1347782611847,2.0899589061737,2.1198618412018,2.1783053874969,2.1556870937347,2.2660219669342,2.2129473686218,2.0381200313568,2.0756676197052,1.9168437719345,1.907081246376,1.9626688957214,2.0629847049713,1.9369658231735,1.9658806324005,1.8297868967056,1.9354054927826,1.8918257951736,1.9126832485199,1.9566836357117,1.9658806324005,1.8729211091995,1.8273355960846,1.8024740219116,1.8228281736374,1.9343435764313,1.7156314849854,1.8267384767532,1.8638950586319,1.7883988618851,1.8400205373764,1.8893666267395,1.8206683397293,1.8806310892105,1.7078380584717,1.69207072258,1.5900975465775,1.56658244133,1.5015541315079,1.5524855852127,1.5892428159714,1.6582224369049,1.6134997606277,1.645843744278,1.6755279302597,1.7191774845123,1.8684068918228,1.7550791501999,1.6337677240372,1.6318342685699,1.4618717432022,1.4756295681,1.5483042001724,1.6311811208725,1.5301276445389,1.5574734210968,1.4488589763641,1.5734022855759,1.5184596776962,1.540958404541,1.5914180278778,1.6174983978271,1.5216884613037,1.4831013679504,1.4563717842102,1.4826493263245,1.5931098461151,1.3981087207794,1.5024667978287,1.5449485778809,1.4949910640717,1.5449621677399,1.6238298416138,1.5542913675308,1.6190139055252,1.453515291214,1.4481456279755,1.347040772438,1.3218878507614,1.2639217376709,1.3173522949219,1.3598464727402,1.4402986764908,1.4065092802048,1.4479006528854,1.4693510532379,1.5238838195801,1.671378493309,1.5487239360809,1.4553029537201,1.43931889534,1.2601326704025,1.2805916070938,1.3519123792648,1.4286168813705,1.339989066124,1.354611992836,1.2613120079041,1.3935724496841,1.3382391929626,1.354107260704,1.4033935070038,1.4316205978394,1.3350712060928,1.2985986471176,1.2710539102554,1.2963410615921,1.4027522802353,1.226902961731,1.3203942775726,1.352987408638,1.3217908143997,1.3716185092926,1.4592074155807,1.3790438175201,1.4475800991058,1.2832578420639,1.2856427431107,1.1860680580139,1.1507014036179,1.0988141298294,1.1437020301819,1.1882135868073,1.26755464077,1.2446132898331,1.2866127490997,1.2914215326309,1.3798885345459,1.5348508358002,1.3841882944107,1.3065819740295,1.2773197889328,1.100737452507,1.124403834343,1.1961255073547,1.2591018676758,1.1761137247086,1.1897151470184,1.1138643026352,1.2461667060852,1.1938452720642,1.1949883699417,1.2441539764404,1.2688548564911,1.175892829895,1.1439348459244,1.118384718895,1.1385235786438,1.2387478351593,1.0790202617645,1.1649330854416,1.1894853115082,1.1705429553986,1.2224739789963,1.3128890991211,1.2291058301926,1.2967673540115,1.1352614164352,1.1440325975418,1.0446816682816,1.005845785141,0.96096384525299,0.99906462430954,1.0396413803101,1.1192760467529,1.1053355932236,1.1450859308243,1.1412786245346,1.2535684108734,1.4125597476959,1.2340708971024,1.180872797966,1.1351674795151,0.96596884727478,0.99553322792053,1.0605976581573,1.1180317401886,1.0371036529541,1.052814245224,0.99071758985519,1.1224551200867,1.0721651315689,1.0564054250717,1.1053121089935,1.1272007226944,1.0403090715408,1.0126103162766,0.9880576133728,1.006044626236,1.0964506864548,0.95069921016693,1.0306531190872,1.048476934433,1.0388609170914,1.0919188261032,1.1850507259369,1.100289106369,1.1666225194931,1.009295463562,1.0193717479706,0.92464411258698,0.88576346635818,0.84543615579605,0.87532448768616,0.91595840454102,0.99521601200104,0.98480319976807,1.0239732265472,1.0135915279388,1.1437257528305,1.3082522153854,1.1042445898056,1.0646586418152,1.0111086368561,0.85458797216415,0.88422214984894,0.94567674398422,0.99478602409363,0.91926473379135,0.93315380811691,0.88814920186996,1.0141574144363,0.96588337421417,0.93837130069733,0.98555731773376,1.0026129484177,0.92062419652939,0.90117734670639,0.87634366750717,0.89270722866058,0.97319853305817,0.84211182594299,0.91382527351379,0.92688351869583,0.92636358737946,0.97844499349594,1.0739568471909,0.99013221263885,1.0554038286209,0.89919596910477,0.91379743814468,0.82421267032623,0.78443104028702,0.74752563238144,0.77243530750275,0.81245881319046,0.89001142978668,0.88068914413452,0.92165154218674,0.90177696943283,1.0480072498322,1.2254030704498,0.99554306268692,0.96092253923416,0.90348869562149,0.76197570562363,0.79691523313522,0.85126835107803,0.89558655023575,0.82463282346725,0.8432788848877,0.8054803609848,0.92688262462616,0.87819266319275,0.85010129213333,0.8979606628418,0.90751737356186,0.83086955547333,0.81766229867935,0.79562920331955,0.81029826402664,0.88264900445938,0.7649142742157,0.83171510696411,0.84009647369385,0.84800070524216,0.89936017990112,1.0014102458954,0.91234827041626,0.97393476963043,0.82978123426437,0.85170704126358,0.76468354463577,0.7202707529068,0.69675797224045,0.71978336572647,0.76039773225784,0.83420544862747,0.82550829648972,0.87193620204926,0.85380333662033,0.97760009765625,1.1590951681137,0.92681407928467,0.90681725740433,0.847491979599,0.71307414770126,0.74801915884018,0.80339068174362,0.84529101848602,0.77627497911453,0.79158943891525,0.76288288831711,0.87747538089752,0.82600343227386,0.80082619190216,0.84906667470932,0.85547441244125,0.7818865776062,0.76740622520447,0.74667829275131,0.76197195053101,0.83085632324219,0.72012907266617,0.77976107597351,0.78728872537613,0.80122190713882,0.84962159395218,0.94853818416595,0.86172145605087,0.92425245046616,0.7835054397583,0.80254548788071,0.7195183634758,0.67399787902832,0.65255880355835,0.6747949719429,0.71462309360504,0.7871857881546,0.7785724401474,0.82477283477783,0.80338579416275,0.93767637014389,1.1236736774445,0.87624365091324,0.86051511764526,0.80151641368866,0.67150521278381,0.70670574903488,