{"i":1000,"val_loss_history":[2.1197543705211],"val_loss_history_it":[1000],"forward_backward_times":{},"opt":{"max_epochs":50,"checkpoint_every":1000,"batch_size":50,"memory_benchmark":0,"init_from":"","grad_clip":5,"model_type":"lstm","lr_decay_every":5,"print_every":1,"wordvec_size":64,"seq_length":50,"input_json":"data\/fake\/fake-titles.json","num_layers":2,"input_h5":"data\/fake\/fake-titles.h5","reset_iterations":1,"rnn_size":128,"dropout":0,"checkpoint_name":"cv\/checkpoint","batchnorm":0,"learning_rate":0.002,"speed_benchmark":0,"gpu_backend":"cuda","lr_decay_factor":0.5,"gpu":-1},"train_loss_history":[5.740828037262,5.6335296630859,5.4470548629761,5.1644215583801,4.8828554153442,4.5980658531189,4.3880286216736,4.1452140808105,3.9555749893188,3.7945885658264,3.6493346691132,3.6339957714081,3.6599488258362,3.619087934494,3.5905823707581,3.6096606254578,3.6724855899811,3.7014367580414,3.7475297451019,3.6607747077942,3.7075324058533,3.635345697403,3.7947175502777,3.7184426784515,3.6980040073395,3.6315832138062,3.6979608535767,3.6139171123505,3.6167628765106,3.6871519088745,3.7589991092682,3.6490421295166,3.6649906635284,3.6613700389862,3.6964981555939,3.7401592731476,3.7248933315277,3.7001097202301,3.6969015598297,3.7145051956177,3.6523811817169,3.6737284660339,3.6819257736206,3.7093122005463,3.7129874229431,3.649444103241,3.6486387252808,3.6480758190155,3.6233808994293,3.5555727481842,3.5382258892059,3.6841628551483,3.6443464756012,3.653981924057,3.6286675930023,3.5879867076874,3.5364351272583,3.5837180614471,3.5357012748718,3.6422288417816,3.5956952571869,3.5417387485504,3.5044329166412,3.4967339038849,3.480110168457,3.5208034515381,3.5667870044708,3.5241227149963,3.465194940567,3.4976301193237,3.4495949745178,3.4942438602448,3.5327770709991,3.511137008667,3.523775100708,3.5204808712006,3.5250241756439,3.5531511306763,3.4776730537415,3.4759397506714,3.5149867534637,3.3842992782593,3.3926031589508,3.4237530231476,3.4051241874695,3.4190194606781,3.4918222427368,3.422210931778,3.4287304878235,3.4160215854645,3.4370710849762,3.4361855983734,3.38649725914,3.3615782260895,3.4067640304565,3.3615612983704,3.3225049972534,3.4601445198059,3.3616254329681,3.2667143344879,3.2352137565613,3.1802833080292,3.2353780269623,3.1909546852112,3.2070000171661,3.1665852069855,3.1862745285034,3.0762996673584,3.182713508606,3.1177055835724,3.1057977676392,3.0606079101562,3.0907247066498,3.1035099029541,3.0675435066223,3.0300722122192,3.0618619918823,3.1094930171967,3.0424356460571,3.058121919632,2.9909663200378,3.0218236446381,3.0299456119537,3.0433850288391,3.0609784126282,3.0710756778717,3.0246953964233,2.9691669940948,2.9807453155518,2.9509825706482,3.0091474056244,2.9497404098511,2.9830715656281,2.9832394123077,3.0275106430054,2.9922630786896,2.9342949390411,2.9740657806396,2.9353225231171,2.8962533473969,2.9052231311798,2.9634504318237,2.9254202842712,2.9160468578339,2.8668930530548,2.8149182796478,2.932222366333,2.9034171104431,2.994029045105,2.8909032344818,2.8979551792145,2.9347448348999,2.9064753055573,2.8826541900635,2.8969700336456,2.7933130264282,2.8886215686798,2.8960888385773,2.8237252235413,2.8352510929108,2.88987159729,2.8911786079407,2.8281438350677,2.9312994480133,2.8779308795929,2.8213846683502,2.872793674469,2.8487069606781,2.7883009910583,2.7633683681488,2.772164106369,2.782586812973,2.7786643505096,2.7686200141907,2.7858610153198,2.7422864437103,2.8717930316925,2.8143272399902,2.7781500816345,2.806652545929,2.7827982902527,2.7519147396088,2.7524430751801,2.754974603653,2.7398073673248,2.7762570381165,2.7435367107391,2.7419095039368,2.7557983398438,2.8647174835205,2.6884331703186,2.7259998321533,2.7410018444061,2.6615164279938,2.6989161968231,2.6438295841217,2.7074718475342,2.7656798362732,2.8134295940399,2.6968731880188,2.7188789844513,2.6695733070374,2.6925919055939,2.7073843479156,2.6322457790375,2.6546456813812,2.6795582771301,2.6557636260986,2.6745312213898,2.6544444561005,2.6819319725037,2.629932641983,2.7173693180084,2.6728224754333,2.6240682601929,2.6802394390106,2.6555242538452,2.6349022388458,2.6782159805298,2.6442823410034,2.7108774185181,2.6563258171082,2.6330783367157,2.7053198814392,2.6204590797424,2.5736391544342,2.60018491745,2.6175239086151,2.6192708015442,2.5698869228363,2.6149024963379,2.6262784004211,2.5960233211517,2.6110107898712,2.6226367950439,2.5898971557617,2.6098644733429,2.5717468261719,2.6377837657928,2.7341303825378,2.6140027046204,2.5735385417938,2.5923187732697,2.6544432640076,2.60751080513,2.6053850650787,2.5685257911682,2.581757068634,2.6069824695587,2.593248128891,2.5562229156494,2.5663311481476,2.5655353069305,2.5468356609344,2.5520434379578,2.5778024196625,2.5766208171844,2.5456852912903,2.5739667415619,2.6193830966949,2.5512082576752,2.6127927303314,2.6182174682617,2.6260759830475,2.6260478496552,2.5641629695892,2.6011590957642,2.6716380119324,2.7034809589386,2.6573212146759,2.6786122322083,2.7022480964661,2.6174635887146,2.6718802452087,2.695051908493,2.6987364292145,2.663366317749,2.6223981380463,2.5999920368195,2.6321973800659,2.5911636352539,2.5307891368866,2.6282300949097,2.6471660137177,2.5959997177124,2.582572221756,2.5695970058441,2.5907537937164,2.613844871521,2.5485088825226,2.5643892288208,2.554530620575,2.5424420833588,2.59370470047,2.6636152267456,2.6111071109772,2.6053366661072,2.5908849239349,2.7001287937164,2.6647460460663,2.6056983470917,2.5930891036987,2.620302438736,2.5476591587067,2.5822150707245,2.6115498542786,2.6093015670776,2.5602021217346,2.6084387302399,2.6042363643646,2.5655448436737,2.6347613334656,2.5716109275818,2.5640914440155,2.6053936481476,2.569962978363,2.5372862815857,2.5419988632202,2.5686011314392,2.5864155292511,2.5599272251129,2.5835173130035,2.5601303577423,2.56707072258,2.5195081233978,2.5079784393311,2.4672834873199,2.6088311672211,2.5686361789703,2.5976793766022,2.5330829620361,2.5562696456909,2.5648212432861,2.5491237640381,2.5965485572815,2.6217041015625,2.5814850330353,2.5222444534302,2.5055794715881,2.4701271057129,2.5599758625031,2.5287702083588,2.4969666004181,2.5277400016785,2.4861879348755,2.4877734184265,2.5100541114807,2.5112438201904,2.6389384269714,2.5147976875305,2.5534543991089,2.5466990470886,2.5275468826294,2.5674088001251,2.4894993305206,2.5146977901459,2.5569984912872,2.452488899231,2.5357074737549,2.5153291225433,2.5113291740417,2.5209109783173,2.5933134555817,2.511403799057,2.5210905075073,2.5508923530579,2.5384728908539,2.5772469043732,2.5307855606079,2.5090341567993,2.5051681995392,2.5217437744141,2.5505015850067,2.6298449039459,2.5550220012665,2.4978983402252,2.4972500801086,2.4869544506073,2.5006556510925,2.4498746395111,2.4978365898132,2.4007933139801,2.4313261508942,2.437451839447,2.4753851890564,2.4291412830353,2.4680440425873,2.4444420337677,2.4451546669006,2.4373109340668,2.4721083641052,2.4146492481232,2.4186191558838,2.5023322105408,2.4204566478729,2.4640963077545,2.397956609726,2.4684109687805,2.4545223712921,2.3879849910736,2.4551301002502,2.456289768219,2.4386925697327,2.4478707313538,2.4326333999634,2.4392819404602,2.4200856685638,2.4194662570953,2.4209713935852,2.3677868843079,2.4548754692078,2.3985161781311,2.4335460662842,2.4440069198608,2.4339635372162,2.4110977649689,2.3835551738739,2.4537830352783,2.3784952163696,2.3870270252228,2.382520198822,2.3063702583313,2.4702916145325,2.4222550392151,2.5204451084137,2.4293224811554,2.4274587631226,2.3665907382965,2.3963541984558,2.3831100463867,2.3874425888062,2.3464686870575,2.376193523407,2.4237153530121,2.3732323646545,2.3928077220917,2.4203312397003,2.4009258747101,2.3525459766388,2.4593691825867,2.3792428970337,2.3664090633392,2.4101119041443,2.3930218219757,2.3801159858704,2.3708624839783,2.3769731521606,2.403951883316,2.4091324806213,2.3870303630829,2.3600516319275,2.3606457710266,2.4515869617462,2.4049987792969,2.4021842479706,2.3879809379578,2.3530538082123,2.3759984970093,2.3587598800659,2.349104642868,2.3405601978302,2.3427073955536,2.2966675758362,2.3363335132599,